<?xml version='1.0' encoding='UTF-8' ?>
<timeLogEntries>
  <time id="14" path="/Minelab/PSP0/Design" start="@1568592529125" delta="114" comment="Design FXML, update design flaws" flag="A" />
  <time id="15" path="/Minelab/PSP0/Code" start="@1568599386356" delta="126" comment="Actual coding of requirements" flag="A" />
  <time id="1" comment="Investigating" flag="M" />
  <time id="2" comment="Investigating" flag="M" />
  <time id="3" comment="investigating" flag="M" />
  <time id="4" comment="Doing Document" flag="M" />
  <time id="5" comment="Writing Engineer method" flag="M" />
  <time id="6" comment="Same as above" flag="M" />
  <time id="7" comment="Thinking of a desing" flag="M" />
  <time id="8" comment="Thinking design" flag="M" />
  <time id="9" comment="Open up Visual Paradigm" flag="M" />
  <time id="10" comment="Design Requirements and Class Diagram" flag="M" />
  <time id="13" comment="Think about design" flag="M" />
  <time id="11" comment="Writing down design in code" flag="M" />
  <time id="12" comment="Actual Coding of requirements" flag="M" />
</timeLogEntries>
