<?xml version='1.0' encoding='UTF-8' ?>
<timeLogEntries>
  <time id="1" path="/Minelab/PSP0/Planning" start="@1567904152034" delta="8" interrupt="3" />
  <time id="2" path="/Minelab/PSP0/Planning" start="@1567910626110" delta="1" />
  <time id="3" path="/Minelab/PSP0/Planning" start="@1567963065140" delta="6" interrupt="8" />
  <time id="4" path="/Minelab/PSP0/Planning" start="@1567965431240" delta="26" interrupt="1" />
  <time id="5" path="/Minelab/PSP0/Planning" start="@1567972943127" delta="121" />
  <time id="6" path="/Minelab/PSP0/Planning" start="@1567982629369" delta="3" />
  <time id="7" path="/Minelab/PSP0/Design" start="@1567982780504" delta="13" />
  <time id="8" path="/Minelab/PSP0/Design" start="@1567987309352" delta="15" />
  <time id="9" path="/Minelab/PSP0/Design" start="@1568492868586" delta="9" />
  <time id="10" path="/Minelab/PSP0/Design" start="@1568500803440" delta="67" />
  <time id="11" path="/Minelab/PSP0/Code" start="@1568504814740" delta="46" />
  <time id="12" path="/Minelab/PSP0/Code" start="@1568510950951" delta="149" />
  <time id="13" path="/Minelab/PSP0/Design" start="@1568520045382" delta="32" />
</timeLogEntries>
